PERMNO,DLC,DLTT,DATE,COMNAM,RET,me,f,ym,TCMNOM_Y1,ir
11042,5015,13878,2000/10/2,WORLDCOM INC GA NEW,-0.030864198,84678.05794,11954,200010,6.01,0.0601
11042,5015,13878,2000/10/3,WORLDCOM INC GA NEW,0.014861995,85936.54288,11954,200010,6.01,0.0601
11042,5015,13878,2000/10/4,WORLDCOM INC GA NEW,-0.056485355,81082.38669,11954,200010,6.01,0.0601
11042,5015,13878,2000/10/5,WORLDCOM INC GA NEW,-0.079822615,74610.17844,11954,200010,6.01,0.0601
11042,5015,13878,2000/10/6,WORLDCOM INC GA NEW,-0.028915662,72452.77569,11954,200010,6.01,0.0601
11042,5015,13878,2000/10/9,WORLDCOM INC GA NEW,0.029776676,74610.17844,11954,200010,6.01,0.0601
11042,5015,13878,2000/10/10,WORLDCOM INC GA NEW,0.024096385,76408.01406,11954,200010,6.01,0.0601
11042,5015,13878,2000/10/11,WORLDCOM INC GA NEW,-0.030588236,74070.82775,11954,200010,6.01,0.0601
11042,5015,13878,2000/10/12,WORLDCOM INC GA NEW,-0.101941749,66519.91813,11954,200010,6.01,0.0601
11042,5015,13878,2000/10/13,WORLDCOM INC GA NEW,0.05135135,69935.80581,11954,200010,6.01,0.0601
11042,5015,13878,2000/10/16,WORLDCOM INC GA NEW,-0.053984575,66160.351,11954,200010,6.01,0.0601
11042,5015,13878,2000/10/17,WORLDCOM INC GA NEW,-0.051630434,62744.46331,11954,200010,6.01,0.0601
11042,5015,13878,2000/10/18,WORLDCOM INC GA NEW,0.097421207,68857.10444,11954,200010,6.01,0.0601
11042,5015,13878,2000/10/19,WORLDCOM INC GA NEW,0.117493473,76947.36475,11954,200010,6.01,0.0601
11042,5015,13878,2000/10/20,WORLDCOM INC GA NEW,-0.039719626,73891.04419,11954,200010,6.01,0.0601
11042,5015,13878,2000/10/23,WORLDCOM INC GA NEW,0.041362531,76947.36475,11954,200010,6.01,0.0601
11042,5015,13878,2000/10/24,WORLDCOM INC GA NEW,0.007009346,77486.71544,11954,200010,6.01,0.0601
11042,5015,13878,2000/10/25,WORLDCOM INC GA NEW,-0.062645011,72632.55925,11954,200010,6.01,0.0601
11042,5015,13878,2000/10/26,WORLDCOM INC GA NEW,-0.138613865,62564.67975,11954,200010,6.01,0.0601
11042,5015,13878,2000/10/27,WORLDCOM INC GA NEW,0.014367816,63463.59756,11954,200010,6.01,0.0601
11042,5015,13878,2000/10/30,WORLDCOM INC GA NEW,0.127478749,71553.85788,11954,200010,6.01,0.0601
11042,5015,13878,2000/10/31,WORLDCOM INC GA NEW,-0.045226131,68378.625,11954,200010,6.01,0.0601
11042,5015,13878,2000/11/1,WORLDCOM INC GA NEW,-0.202631578,54522.95625,11954,200011,6.09,0.0609
11042,5015,13878,2000/11/2,WORLDCOM INC GA NEW,-0.072607264,50564.19375,11954,200011,6.09,0.0609
11042,5015,13878,2000/11/3,WORLDCOM INC GA NEW,0.024911031,51823.8,11954,200011,6.09,0.0609
11042,5015,13878,2000/11/6,WORLDCOM INC GA NEW,0.003472222,52003.74375,11954,200011,6.09,0.0609
11042,5015,13878,2000/11/7,WORLDCOM INC GA NEW,-0.010380623,51463.9125,11954,200011,6.09,0.0609
11042,5015,13878,2000/11/8,WORLDCOM INC GA NEW,-0.052447554,48764.75625,11954,200011,6.09,0.0609
11042,5015,13878,2000/11/9,WORLDCOM INC GA NEW,-0.047970481,46425.4875,11954,200011,6.09,0.0609
11042,5015,13878,2000/11/10,WORLDCOM INC GA NEW,-0.03875969,44626.05,11954,200011,6.09,0.0609
11042,5015,13878,2000/11/13,WORLDCOM INC GA NEW,0.056451611,47145.2625,11954,200011,6.09,0.0609
11042,5015,13878,2000/11/14,WORLDCOM INC GA NEW,0.041984733,49124.64375,11954,200011,6.09,0.0609
11042,5015,13878,2000/11/15,WORLDCOM INC GA NEW,-0.040293042,47145.2625,11954,200011,6.09,0.0609
11042,5015,13878,2000/11/16,WORLDCOM INC GA NEW,-0.022900764,46065.6,11954,200011,6.09,0.0609
11042,5015,13878,2000/11/17,WORLDCOM INC GA NEW,-0.015625,45345.825,11954,200011,6.09,0.0609
11042,5015,13878,2000/11/20,WORLDCOM INC GA NEW,-0.043650795,43366.44375,11954,200011,6.09,0.0609
11042,5015,13878,2000/11/21,WORLDCOM INC GA NEW,0,43366.44375,11954,200011,6.09,0.0609
11042,5015,13878,2000/11/22,WORLDCOM INC GA NEW,-0.0373444,41746.95,11954,200011,6.09,0.0609
11042,5015,13878,2000/11/24,WORLDCOM INC GA NEW,0.090517238,45525.76875,11954,200011,6.09,0.0609
11042,5015,13878,2000/11/27,WORLDCOM INC GA NEW,0.019762846,46425.4875,11954,200011,6.09,0.0609
11042,5015,13878,2000/11/28,WORLDCOM INC GA NEW,-0.044573642,44356.13438,11954,200011,6.09,0.0609
11042,5015,13878,2000/11/29,WORLDCOM INC GA NEW,0.05070994,46605.43125,11954,200011,6.09,0.0609
11042,5015,13878,2000/11/30,WORLDCOM INC GA NEW,-0.077220075,43006.55625,11954,200011,6.09,0.0609
11042,5015,13878,2000/12/1,WORLDCOM INC GA NEW,0.071129709,46065.6,11954,200012,5.6,0.056
11042,5015,13878,2000/12/4,WORLDCOM INC GA NEW,-0.07421875,42646.66875,11954,200012,5.6,0.056
11042,5015,13878,2000/12/5,WORLDCOM INC GA NEW,-0.008438818,42286.78125,11954,200012,5.6,0.056
11042,5015,13878,2000/12/6,WORLDCOM INC GA NEW,0.029787235,43546.3875,11954,200012,5.6,0.056
11042,5015,13878,2000/12/7,WORLDCOM INC GA NEW,-0.016528925,42826.6125,11954,200012,5.6,0.056
11042,5015,13878,2000/12/8,WORLDCOM INC GA NEW,0.021008404,43726.33125,11954,200012,5.6,0.056
11042,5015,13878,2000/12/11,WORLDCOM INC GA NEW,0.078189299,47145.2625,11954,200012,5.6,0.056
11042,5015,13878,2000/12/12,WORLDCOM INC GA NEW,0.076335877,50744.1375,11954,200012,5.6,0.056
11042,5015,13878,2000/12/13,WORLDCOM INC GA NEW,0.031914894,52363.63125,11954,200012,5.6,0.056
11042,5015,13878,2000/12/14,WORLDCOM INC GA NEW,-0.020618556,51283.96875,11954,200012,5.6,0.056
11042,5015,13878,2000/12/15,WORLDCOM INC GA NEW,-0.021052632,50204.30625,11954,200012,5.6,0.056
11042,5015,13878,2000/12/18,WORLDCOM INC GA NEW,-0.053763442,47505.15,11954,200012,5.6,0.056
11042,5015,13878,2000/12/19,WORLDCOM INC GA NEW,-0.011363637,46965.31875,11954,200012,5.6,0.056
11042,5015,13878,2000/12/20,WORLDCOM INC GA NEW,-0.068965517,43726.33125,11954,200012,5.6,0.056
11042,5015,13878,2000/12/21,WORLDCOM INC GA NEW,-0.065843619,40847.23125,11954,200012,5.6,0.056
11042,5015,13878,2000/12/22,WORLDCOM INC GA NEW,-0.022026431,39947.5125,11954,200012,5.6,0.056
11042,5015,13878,2000/12/26,WORLDCOM INC GA NEW,0.009009009,40307.4,11954,200012,5.6,0.056
11042,5015,13878,2000/12/27,WORLDCOM INC GA NEW,0.004464286,40487.34375,11954,200012,5.6,0.056
11042,5015,13878,2000/12/28,WORLDCOM INC GA NEW,-0.008888889,40127.45625,11954,200012,5.6,0.056
11042,5015,13878,2000/12/29,WORLDCOM INC GA NEW,0.00896861,40516.80469,11954,200012,5.6,0.056
11042,7200,12494,2001/1/2,WORLDCOM INC GA NEW,0.13333334,45919.04531,13447,200101,4.81,0.0481
11042,7200,12494,2001/1/3,WORLDCOM INC GA NEW,0.254901975,57623.9,13447,200101,4.81,0.0481
11042,7200,12494,2001/1/4,WORLDCOM INC GA NEW,-0.028124999,56003.22781,13447,200101,4.81,0.0481
11042,7200,12494,2001/1/5,WORLDCOM INC GA NEW,-0.051446944,53122.03281,13447,200101,4.81,0.0481
11042,7200,12494,2001/1/8,WORLDCOM INC GA NEW,-0.013559322,52401.73406,13447,200101,4.81,0.0481
11042,7200,12494,2001/1/9,WORLDCOM INC GA NEW,0.089347079,57083.67594,13447,200101,4.81,0.0481
11042,7200,12494,2001/1/10,WORLDCOM INC GA NEW,0.072555207,61225.39375,13447,200101,4.81,0.0481
11042,7200,12494,2001/1/11,WORLDCOM INC GA NEW,0.032352943,63206.21531,13447,200101,4.81,0.0481
11042,7200,12494,2001/1/12,WORLDCOM INC GA NEW,-0.008547009,62665.99125,13447,200101,4.81,0.0481
11042,7200,12494,2001/1/16,WORLDCOM INC GA NEW,-0.020114943,61405.46844,13447,200101,4.81,0.0481
11042,7200,12494,2001/1/17,WORLDCOM INC GA NEW,0.055718474,64826.8875,13447,200101,4.81,0.0481
11042,7200,12494,2001/1/18,WORLDCOM INC GA NEW,0.033333335,66987.78375,13447,200101,4.81,0.0481
11042,7200,12494,2001/1/19,WORLDCOM INC GA NEW,-0.053763442,63386.29,13447,200101,4.81,0.0481
11042,7200,12494,2001/1/22,WORLDCOM INC GA NEW,-0.053977273,59964.87094,13447,200101,4.81,0.0481
11042,7200,12494,2001/1/23,WORLDCOM INC GA NEW,-0.006006006,59604.72156,13447,200101,4.81,0.0481
11042,7200,12494,2001/1/24,WORLDCOM INC GA NEW,0.039274924,61945.6925,13447,200101,4.81,0.0481
11042,7200,12494,2001/1/25,WORLDCOM INC GA NEW,-0.05232558,58704.34813,13447,200101,4.81,0.0481
11042,7200,12494,2001/1/26,WORLDCOM INC GA NEW,0.046012271,61405.46844,13447,200101,4.81,0.0481
11042,7200,12494,2001/1/29,WORLDCOM INC GA NEW,0.067448683,65547.18625,13447,200101,4.81,0.0481
11042,7200,12494,2001/1/30,WORLDCOM INC GA NEW,0,65547.18625,13447,200101,4.81,0.0481
11042,7200,12494,2001/1/31,WORLDCOM INC GA NEW,-0.052197803,62125.76719,13447,200101,4.81,0.0481
11042,7200,12494,2001/2/1,WORLDCOM INC GA NEW,0.028985508,63926.51406,13447,200102,4.68,0.0468
11042,7200,12494,2001/2/2,WORLDCOM INC GA NEW,-0.095774651,57803.97469,13447,200102,4.68,0.0468
11042,7200,12494,2001/2/5,WORLDCOM INC GA NEW,0.065420561,61585.54313,13447,200102,4.68,0.0468
11042,7200,12494,2001/2/6,WORLDCOM INC GA NEW,-0.029239766,59784.79625,13447,200102,4.68,0.0468
11042,7200,12494,2001/2/7,WORLDCOM INC GA NEW,-0.030120483,57984.04938,13447,200102,4.68,0.0468
11042,7200,12494,2001/2/8,WORLDCOM INC GA NEW,0.00931677,58524.27344,13447,200102,4.68,0.0468
11042,7200,12494,2001/2/9,WORLDCOM INC GA NEW,-0.064615384,54742.705,13447,200102,4.68,0.0468
11042,7200,12494,2001/2/12,WORLDCOM INC GA NEW,0.049342107,57443.82531,13447,200102,4.68,0.0468
11042,7200,12494,2001/2/13,WORLDCOM INC GA NEW,-0.068965517,53482.18219,13447,200102,4.68,0.0468
11042,7200,12494,2001/2/14,WORLDCOM INC GA NEW,-0.057239056,50420.9125,13447,200102,4.68,0.0468
11042,7200,12494,2001/2/15,WORLDCOM INC GA NEW,-0.075000003,46639.34406,13447,200102,4.68,0.0468
11042,7200,12494,2001/2/16,WORLDCOM INC GA NEW,-0.023166023,45558.89594,13447,200102,4.68,0.0468
11042,7200,12494,2001/2/20,WORLDCOM INC GA NEW,0.035573121,47179.56813,13447,200102,4.68,0.0468
11042,7200,12494,2001/2/21,WORLDCOM INC GA NEW,-0.030534351,45738.97063,13447,200102,4.68,0.0468
11042,7200,12494,2001/2/22,WORLDCOM INC GA NEW,0.051181104,48079.94156,13447,200102,4.68,0.0468
11042,7200,12494,2001/2/23,WORLDCOM INC GA NEW,-0.011235955,47539.7175,13447,200102,4.68,0.0468
11042,7200,12494,2001/2/26,WORLDCOM INC GA NEW,0.071969695,50961.13656,13447,200102,4.68,0.0468
11042,7200,12494,2001/2/27,WORLDCOM INC GA NEW,-0.024734983,49700.61375,13447,200102,4.68,0.0468
11042,7200,12494,2001/2/28,WORLDCOM INC GA NEW,-0.036231883,47899.86688,13447,200102,4.68,0.0468
11042,7200,12494,2001/3/1,WORLDCOM INC GA NEW,-0.045112781,45738.97063,13447,200103,4.3,0.043
11042,7200,12494,2001/3/2,WORLDCOM INC GA NEW,0.019685039,46639.34406,13447,200103,4.3,0.043
11042,7200,12494,2001/3/5,WORLDCOM INC GA NEW,-0.003861004,46459.26938,13447,200103,4.3,0.043
11042,7200,12494,2001/3/6,WORLDCOM INC GA NEW,0.034883723,48079.94156,13447,200103,4.3,0.043
11042,7200,12494,2001/3/7,WORLDCOM INC GA NEW,0.029962547,49520.53906,13447,200103,4.3,0.043
11042,7200,12494,2001/3/8,WORLDCOM INC GA NEW,-0.043636363,47359.64281,13447,200103,4.3,0.043
11042,7200,12494,2001/3/9,WORLDCOM INC GA NEW,0.030418251,48800.24031,13447,200103,4.3,0.043
11042,7200,12494,2001/3/12,WORLDCOM INC GA NEW,-0.070110701,45378.82125,13447,200103,4.3,0.043
11042,7200,12494,2001/3/13,WORLDCOM INC GA NEW,-0.035714287,43758.14906,13447,200103,4.3,0.043
11042,7200,12494,2001/3/14,WORLDCOM INC GA NEW,0.08230453,47359.64281,13447,200103,4.3,0.043
11042,7200,12494,2001/3/15,WORLDCOM INC GA NEW,0.068441063,50600.98719,13447,200103,4.3,0.043
11042,7200,12494,2001/3/16,WORLDCOM INC GA NEW,-0.007117438,50325.11325,13447,200103,4.3,0.043
11042,7200,12494,2001/3/19,WORLDCOM INC GA NEW,0.053763442,53030.7645,13447,200103,4.3,0.043
11042,7200,12494,2001/3/20,WORLDCOM INC GA NEW,-0.064625852,49603.60625,13447,200103,4.3,0.043
11042,7200,12494,2001/3/21,WORLDCOM INC GA NEW,-0.025454545,48340.969,13447,200103,4.3,0.043
11042,7200,12494,2001/3/22,WORLDCOM INC GA NEW,0.018656716,49242.85275,13447,200103,4.3,0.043
11042,7200,12494,2001/3/23,WORLDCOM INC GA NEW,-0.010989011,48701.7225,13447,200103,4.3,0.043
11042,7200,12494,2001/3/26,WORLDCOM INC GA NEW,0.06666667,51948.504,13447,200103,4.3,0.043
11042,7200,12494,2001/3/27,WORLDCOM INC GA NEW,0.059027776,55014.90875,13447,200103,4.3,0.043
11042,7200,12494,2001/3/28,WORLDCOM INC GA NEW,-0.013114754,54293.40175,13447,200103,4.3,0.043
11042,7200,12494,2001/3/29,WORLDCOM INC GA NEW,0.013289036,55014.90875,13447,200103,4.3,0.043
11042,7200,12494,2001/3/30,WORLDCOM INC GA NEW,-0.019672131,53948.45788,13447,200103,4.3,0.043
11042,7200,12494,2001/4/2,WORLDCOM INC GA NEW,0,53948.45788,13447,200104,3.98,0.0398
11042,7200,12494,2001/4/3,WORLDCOM INC GA NEW,-0.040133778,51783.30238,13447,200104,3.98,0.0398
11042,7200,12494,2001/4/4,WORLDCOM INC GA NEW,-0.027874565,50339.86538,13447,200104,3.98,0.0398
11042,7200,12494,2001/4/5,WORLDCOM INC GA NEW,0.093189962,55031.03563,13447,200104,3.98,0.0398
11042,7200,12494,2001/4/6,WORLDCOM INC GA NEW,-0.036065575,53046.30975,13447,200104,3.98,0.0398
11042,7200,12494,2001/4/9,WORLDCOM INC GA NEW,0.034557834,54879.4754,13447,200104,3.98,0.0398
11042,7200,12494,2001/4/10,WORLDCOM INC GA NEW,0.054182045,57852.9576,13447,200104,3.98,0.0398
11042,7200,12494,2001/4/11,WORLDCOM INC GA NEW,-0.02644714,56322.9124,13447,200104,3.98,0.0398
11042,7200,12494,2001/4/12,WORLDCOM INC GA NEW,0.008713484,56813.6812,13447,200104,3.98,0.0398
11042,7200,12494,2001/4/16,WORLDCOM INC GA NEW,-0.009654499,56265.1736,13447,200104,3.98,0.0398
11042,7200,12494,2001/4/17,WORLDCOM INC GA NEW,-0.019497136,55168.1639,13447,200104,3.98,0.0398
11042,7200,12494,2001/4/18,WORLDCOM INC GA NEW,0.047095738,57766.3494,13447,200104,3.98,0.0398
11042,7200,12494,2001/4/19,WORLDCOM INC GA NEW,-0.005997044,57419.9221,13447,200104,3.98,0.0398
11042,7200,12494,2001/4/20,WORLDCOM INC GA NEW,-0.042734966,54966.0836,13447,200104,3.98,0.0398
11042,7200,12494,2001/4/23,WORLDCOM INC GA NEW,-0.013130251,54244.3651,13447,200104,3.98,0.0398
11042,7200,12494,2001/4/24,WORLDCOM INC GA NEW,-0.01277284,53551.5105,13447,200104,3.98,0.0398
11042,7200,12494,2001/4/25,WORLDCOM INC GA NEW,0.045283031,55976.4851,13447,200104,3.98,0.0398
11042,7200,12494,2001/4/26,WORLDCOM INC GA NEW,0.018050563,56986.8921,13447,200104,3.98,0.0398
11042,7200,12494,2001/4/27,WORLDCOM INC GA NEW,-0.052178353,54013.4099,13447,200104,3.98,0.0398
11042,7200,12494,2001/4/30,WORLDCOM INC GA NEW,-0.024585735,52707.00375,13447,200104,3.98,0.0398
11042,7200,12494,2001/5/1,WORLDCOM INC GA NEW,0.023013704,53919.98707,13447,200105,3.78,0.0378
11042,7200,12494,2001/5/2,WORLDCOM INC GA NEW,-0.016068518,53053.57277,13447,200105,3.78,0.0378
11042,7200,12494,2001/5/3,WORLDCOM INC GA NEW,-0.014153523,52302.67781,13447,200105,3.78,0.0378
11042,7200,12494,2001/5/4,WORLDCOM INC GA NEW,0.027056862,53717.8241,13447,200105,3.78,0.0378
11042,7200,12494,2001/5/7,WORLDCOM INC GA NEW,-0.016129093,52851.4043,13447,200105,3.78,0.0378
11042,7200,12494,2001/5/8,WORLDCOM INC GA NEW,-0.017486323,51927.22758,13447,200105,3.78,0.0378
11042,7200,12494,2001/5/9,WORLDCOM INC GA NEW,0.017241456,52822.52859,13447,200105,3.78,0.0378
11042,7200,12494,2001/5/10,WORLDCOM INC GA NEW,-0.026243927,51436.25801,13447,200105,3.78,0.0378
11042,7200,12494,2001/5/11,WORLDCOM INC GA NEW,-0.010668087,50887.53152,13447,200105,3.78,0.0378
11042,7200,12494,2001/5/14,WORLDCOM INC GA NEW,0.002270091,51003.05086,13447,200105,3.78,0.0378
11042,7200,12494,2001/5/15,WORLDCOM INC GA NEW,0.011325072,51580.66406,13447,200105,3.78,0.0378
11042,7200,12494,2001/5/16,WORLDCOM INC GA NEW,0.004479279,51811.70824,13447,200105,3.78,0.0378
11042,7200,12494,2001/5/17,WORLDCOM INC GA NEW,-0.016722471,50945.28844,13447,200105,3.78,0.0378
11042,7200,12494,2001/5/18,WORLDCOM INC GA NEW,0.003401438,51118.5757,13447,200105,3.78,0.0378
11042,7200,12494,2001/5/21,WORLDCOM INC GA NEW,-0.008474662,50685.36305,13447,200105,3.78,0.0378
11042,7200,12494,2001/5/22,WORLDCOM INC GA NEW,0.051851846,53313.49266,13447,200105,3.78,0.0378
11042,7200,12494,2001/5/23,WORLDCOM INC GA NEW,0.007042312,53688.94289,13447,200105,3.78,0.0378
11042,7200,12494,2001/5/24,WORLDCOM INC GA NEW,-0.005379257,53400.13629,13447,200105,3.78,0.0378
11042,7200,12494,2001/5/25,WORLDCOM INC GA NEW,-0.018388327,52418.19715,13447,200105,3.78,0.0378
11042,7200,12494,2001/5/29,WORLDCOM INC GA NEW,0.005509663,52707.00375,13447,200105,3.78,0.0378
11042,7200,12494,2001/5/30,WORLDCOM INC GA NEW,-0.03890406,50656.48734,13447,200105,3.78,0.0378
11042,7200,12494,2001/5/31,WORLDCOM INC GA NEW,0.017103719,51522.90164,13447,200105,3.78,0.0378
11042,7200,12494,2001/6/1,WORLDCOM INC GA NEW,0.012892351,52187.15297,13447,200106,3.58,0.0358
11042,7200,12494,2001/6/4,WORLDCOM INC GA NEW,-0.004427223,51956.10879,13447,200106,3.58,0.0358
11042,7200,12494,2001/6/5,WORLDCOM INC GA NEW,0.021678677,53082.44848,13447,200106,3.58,0.0358
11042,7200,12494,2001/6/6,WORLDCOM INC GA NEW,-0.000543978,53053.57277,13447,200106,3.58,0.0358
11042,7200,12494,2001/6/7,WORLDCOM INC GA NEW,0.002721787,53197.97332,13447,200106,3.58,0.0358
11042,7200,12494,2001/6/8,WORLDCOM INC GA NEW,0.008273634,51551.78285,13447,200106,3.58,0.0358
11042,7200,12494,2001/6/11,WORLDCOM INC GA NEW,-0.017366916,50656.48734,13447,200106,3.58,0.0358
11042,7200,12494,2001/6/12,WORLDCOM INC GA NEW,-0.026225826,49327.97918,13447,200106,3.58,0.0358
11042,7200,12494,2001/6/13,WORLDCOM INC GA NEW,-0.019906333,48346.04004,13447,200106,3.58,0.0358
11042,7200,12494,2001/6/14,WORLDCOM INC GA NEW,-0.038231745,46497.6866,13447,200106,3.58,0.0358
11042,7200,12494,2001/6/15,WORLDCOM INC GA NEW,-0.018633552,45631.26955,13447,200106,3.58,0.0358
11042,7200,12494,2001/6/18,WORLDCOM INC GA NEW,-0.051265847,43291.94379,13447,200106,3.58,0.0358
11042,7200,12494,2001/6/19,WORLDCOM INC GA NEW,0.001334253,43349.70621,13447,200106,3.58,0.0358
11042,7200,12494,2001/6/20,WORLDCOM INC GA NEW,-0.038640901,41674.63453,13447,200106,3.58,0.0358
11042,7200,12494,2001/6/21,WORLDCOM INC GA NEW,0.026334034,42772.09576,13447,200106,3.58,0.0358
11042,7200,12494,2001/6/22,WORLDCOM INC GA NEW,-0.035111442,41270.30584,13447,200106,3.58,0.0358
11042,7200,12494,2001/6/25,WORLDCOM INC GA NEW,-0.023093067,40317.24791,13447,200106,3.58,0.0358
11042,7200,12494,2001/6/26,WORLDCOM INC GA NEW,0.007879632,40634.93297,13447,200106,3.58,0.0358
11042,7200,12494,2001/6/27,WORLDCOM INC GA NEW,0.007818096,40952.62078,13447,200106,3.58,0.0358
11042,7200,12494,2001/6/28,WORLDCOM INC GA NEW,0.008462615,41299.18705,13447,200106,3.58,0.0358
11042,7200,12494,2001/6/29,WORLDCOM INC GA NEW,-0.006993033,41130.27105,13447,200106,3.58,0.0358
11042,7200,12494,2001/7/2,WORLDCOM INC GA NEW,0.04295779,43793.61554,13447,200107,3.62,0.0362
11042,7200,12494,2001/7/3,WORLDCOM INC GA NEW,-0.02295747,42788.22489,13447,200107,3.62,0.0362
11042,7200,12494,2001/7/5,WORLDCOM INC GA NEW,-0.013130652,42226.38761,13447,200107,3.62,0.0362
11042,7200,12494,2001/7/6,WORLDCOM INC GA NEW,-0.030812297,40925.29565,13447,200107,3.62,0.0362
11042,7200,12494,2001/7/9,WORLDCOM INC GA NEW,0.031069387,42196.81945,13447,200107,3.62,0.0362
11042,7200,12494,2001/7/10,WORLDCOM INC GA NEW,-0.002102361,42108.10652,13447,200107,3.62,0.0362
11042,7200,12494,2001/7/11,WORLDCOM INC GA NEW,-0.005617972,41871.54435,13447,200107,3.62,0.0362
11042,7200,12494,2001/7/12,WORLDCOM INC GA NEW,0.005649712,42108.10652,13447,200107,3.62,0.0362
11042,7200,12494,2001/7/13,WORLDCOM INC GA NEW,0.018258443,42876.935,13447,200107,3.62,0.0362
11042,7200,12494,2001/7/16,WORLDCOM INC GA NEW,0.006206907,43143.06815,13447,200107,3.62,0.0362
11042,7200,12494,2001/7/17,WORLDCOM INC GA NEW,0.002741601,43261.34924,13447,200107,3.62,0.0362
11042,7200,12494,2001/7/18,WORLDCOM INC GA NEW,-0.023923472,42226.38761,13447,200107,3.62,0.0362
11042,7200,12494,2001/7/19,WORLDCOM INC GA NEW,-0.006302532,41960.25446,13447,200107,3.62,0.0362
11042,7200,12494,2001/7/20,WORLDCOM INC GA NEW,-0.025369955,40895.72467,13447,200107,3.62,0.0362
11042,7200,12494,2001/7/23,WORLDCOM INC GA NEW,0.010845959,41339.27805,13447,200107,3.62,0.0362
11042,7200,12494,2001/7/24,WORLDCOM INC GA NEW,-0.032904085,39979.04695,13447,200107,3.62,0.0362
11042,7200,12494,2001/7/25,WORLDCOM INC GA NEW,-0.01257397,39476.35163,13447,200107,3.62,0.0362
11042,7200,12494,2001/7/26,WORLDCOM INC GA NEW,0.087640449,42936.07695,13447,200107,3.62,0.0362
11042,7200,12494,2001/7/27,WORLDCOM INC GA NEW,0.04752063,44976.42641,13447,200107,3.62,0.0362
11042,7200,12494,2001/7/30,WORLDCOM INC GA NEW,-0.063116372,42137.6775,13447,200107,3.62,0.0362
11042,7200,12494,2001/7/31,WORLDCOM INC GA NEW,-0.01754386,41398.42,13447,200107,3.62,0.0362
11042,7200,12494,2001/8/1,WORLDCOM INC GA NEW,0.049999986,43468.34044,13447,200108,3.47,0.0347
11042,7200,12494,2001/8/2,WORLDCOM INC GA NEW,-0.004081596,43290.92022,13447,200108,3.47,0.0347
11042,7200,12494,2001/8/3,WORLDCOM INC GA NEW,-0.025273215,42196.81945,13447,200108,3.47,0.0347
11042,7200,12494,2001/8/6,WORLDCOM INC GA NEW,-0.01401547,41605.4112,13447,200108,3.47,0.0347
11042,7200,12494,2001/8/7,WORLDCOM INC GA NEW,0.004264422,41782.83424,13447,200108,3.47,0.0347
11042,7200,12494,2001/8/8,WORLDCOM INC GA NEW,-0.020523706,40925.29565,13447,200108,3.47,0.0347
11042,7200,12494,2001/8/9,WORLDCOM INC GA NEW,-0.04335263,39151.07652,13447,200108,3.47,0.0347
11042,7200,12494,2001/8/10,WORLDCOM INC GA NEW,0.031722061,40393.02935,13447,200108,3.47,0.0347
11042,7200,12494,2001/8/13,WORLDCOM INC GA NEW,0.007320672,40688.73348,13447,200108,3.47,0.0347
11042,7200,12494,2001/8/14,WORLDCOM INC GA NEW,0.018895365,41457.56195,13447,200108,3.47,0.0347
11042,7200,12494,2001/8/15,WORLDCOM INC GA NEW,-0.014265389,40866.1537,13447,200108,3.47,0.0347
11042,7200,12494,2001/8/16,WORLDCOM INC GA NEW,0.00506517,41073.14772,13447,200108,3.47,0.0347
11042,7200,12494,2001/8/17,WORLDCOM INC GA NEW,-0.025198011,40038.18609,13447,200108,3.47,0.0347
11042,7200,12494,2001/8/20,WORLDCOM INC GA NEW,-0.002215638,39949.47598,13447,200108,3.47,0.0347
11042,7200,12494,2001/8/21,WORLDCOM INC GA NEW,-0.008142162,39624.20087,13447,200108,3.47,0.0347
11042,7200,12494,2001/8/22,WORLDCOM INC GA NEW,-0.012686573,39121.50555,13447,200108,3.47,0.0347
11042,7200,12494,2001/8/23,WORLDCOM INC GA NEW,-0.012849518,38618.81304,13447,200108,3.47,0.0347
11042,7200,12494,2001/8/24,WORLDCOM INC GA NEW,0.035987694,40008.61511,13447,200108,3.47,0.0347
11042,7200,12494,2001/8/27,WORLDCOM INC GA NEW,-0.019216502,39239.78945,13447,200108,3.47,0.0347
11042,7200,12494,2001/8/28,WORLDCOM INC GA NEW,-0.022607399,38352.67989,13447,200108,3.47,0.0347
11042,7200,12494,2001/8/29,WORLDCOM INC GA NEW,-0.040863585,36785.45196,13447,200108,3.47,0.0347
11042,7200,12494,2001/8/30,WORLDCOM INC GA NEW,0.035369821,38086.54674,13447,200108,3.47,0.0347
11042,7200,12494,2001/8/31,WORLDCOM INC GA NEW,-0.001552831,38027.40478,13447,200108,3.47,0.0347
11042,7200,12494,2001/9/4,WORLDCOM INC GA NEW,-0.006220834,37790.84261,13447,200109,2.82,0.0282
11042,7200,12494,2001/9/5,WORLDCOM INC GA NEW,0.04460099,39476.35163,13447,200109,2.82,0.0282
11042,7200,12494,2001/9/6,WORLDCOM INC GA NEW,-0.004494413,39298.92859,13447,200109,2.82,0.0282
11042,7200,12494,2001/9/7,WORLDCOM INC GA NEW,-0.02332584,38382.24805,13447,200109,2.82,0.0282
11042,7200,12494,2001/9/10,WORLDCOM INC GA NEW,-0.004622455,38204.82783,13447,200109,2.82,0.0282
11042,7200,12494,2001/9/17,WORLDCOM INC GA NEW,-0.057275523,36016.6263,13447,200109,2.82,0.0282
11042,7200,12494,2001/9/18,WORLDCOM INC GA NEW,0.009852207,36371.46956,13447,200109,2.82,0.0282
11042,7200,12494,2001/9/19,WORLDCOM INC GA NEW,0.03658535,37702.1325,13447,200109,2.82,0.0282
11042,7200,12494,2001/9/20,WORLDCOM INC GA NEW,-0.035294104,36371.46956,13447,200109,2.82,0.0282
11042,7200,12494,2001/9/21,WORLDCOM INC GA NEW,0.006504059,36608.03174,13447,200109,2.82,0.0282
11042,7200,12494,2001/9/24,WORLDCOM INC GA NEW,0.115508907,40836.58554,13447,200109,2.82,0.0282
11042,7200,12494,2001/9/25,WORLDCOM INC GA NEW,0.036929708,42344.6687,13447,200109,2.82,0.0282
11042,7200,12494,2001/9/26,WORLDCOM INC GA NEW,0.031424634,43675.33445,13447,200109,2.82,0.0282
11042,7200,12494,2001/9/27,WORLDCOM INC GA NEW,-0.019634455,42817.79305,13447,200109,2.82,0.0282
11042,7200,12494,2001/9/28,WORLDCOM INC GA NEW,0.038674064,44605.46645,13447,200109,2.82,0.0282
